<?xml version="1.0"?>
<menu>
  <item>
    <path>civicrm/donrec/runner</path>
    <page_callback>CRM_Donrec_Page_Runner</page_callback>
    <title>Creating Donation Receipts</title>
    <access_arguments>create and withdraw receipts</access_arguments>
  </item>
  <item>
    <path>civicrm/donrec/task</path>
    <page_callback>CRM_Donrec_Page_Staging</page_callback>
    <title>Issue Donation Receipts</title>
    <access_arguments>create and withdraw receipts</access_arguments>
  </item>
  <item>
    <path>civicrm/donrec/tab</path>
    <page_callback>CRM_Donrec_Page_Tab</page_callback>
    <title>Donation Receipts</title>
    <access_arguments>view and copy receipts;create and withdraw receipts</access_arguments>
  </item>
  <item>
    <path>civicrm/donrec/create</path>
    <page_callback>CRM_Donrec_Form_Task_Create</page_callback>
    <title>Issue Donation Receipts</title>
    <access_arguments>create and withdraw receipts</access_arguments>
  </item>
  <item>
    <path>civicrm/admin/setting/donrec</path>
    <page_callback>CRM_Admin_Form_Setting_DonrecSettings</page_callback>
    <title>Donation Receipts Settings</title>
    <access_arguments>administer CiviCRM</access_arguments>
  </item>
  <item>
    <path>civicrm/admin/setting/donrec/profiles</path>
    <page_callback>CRM_Admin_Page_DonrecProfiles</page_callback>
    <title>Donation Receipts Profiles</title>
    <access_arguments>administer CiviCRM</access_arguments>
    <desc>The donation receipts extension allows you to create and manage tax receipts for your donors.</desc>
    <adminGroup>CiviContribute</adminGroup>
    <component>CiviContribute</component>
    <icon>admin/small/online_contribution_pages.png</icon>
    <weight>100</weight>
  </item>
  <item>
    <path>civicrm/admin/setting/donrec/profile</path>
    <page_callback>CRM_Admin_Form_DonrecProfile</page_callback>
    <access_arguments>administer CiviCRM</access_arguments>
  </item>
  <item>
    <path>civicrm/donrec/showfile</path>
    <page_callback>CRM_Donrec_Page_Tempfile</page_callback>
    <title>Tempfile</title>
    <access_arguments>view and copy receipts</access_arguments>
  </item>
  <item>
    <path>civicrm/donrec/rebook</path>
    <page_callback>CRM_Donrec_Form_Task_Rebook</page_callback>
    <title>Rebook</title>
    <access_arguments>edit contributions</access_arguments>
  </item>
  <item>
    <path>civicrm/donrec/returns</path>
    <page_callback>CRM_Donrec_Form_ProcessReturns</page_callback>
    <title>ProcessReturns</title>
    <access_arguments>administer CiviCRM</access_arguments>
  </item>
</menu>
