<?xml version="1.0"?>
<extension key="de.systopia.donrec" type="module">
  <file>donrec</file>
  <name>Donation Receipts</name>
  <description>This extensions can generate and manage donation receipts for tax deductions.</description>
  <license>AGPLv3</license>
  <maintainer>
    <author>SYSTOPIA</author>
    <email>info@systopia.de</email>
  </maintainer>
  <releaseDate>2023-05-05</releaseDate>
  <version>2.2.0</version>
  <develStage>stable</develStage>
  <compatibility>
    <ver>5.2</ver>
    <ver>5.60</ver>
  </compatibility>
  <urls>
    <url desc="Main Extension Page">https://github.com/systopia/de.systopia.donrec</url>
    <url desc="Documentation">http://wiki.civicrm.org/confluence/display/CRM/DonationReceipts+Extension</url>
    <url desc="Support">https://github.com/systopia/de.systopia.donrec/issues</url>
  </urls>
  <comments>Developed by SYSTOPIA. Thanks to Niko Bochan, Thomas Leichtfuß and Björn Endres.</comments>
  <civix>
    <namespace>CRM/Donrec</namespace>
    <format>22.10.0</format>
  </civix>
  <mixins>
    <mixin>menu-xml@1.0.0</mixin>
    <mixin>setting-php@1.0.0</mixin>
  </mixins>
  <classloader>
    <psr0 prefix="CRM_" path="."/>
  </classloader>
</extension>
